customer_id,transaction_date,revenue,frequency,recency,channel
C00001,2023-06-02,432.13,1,0,push
C00001,2023-06-14,65.21,2,12,organic
C00002,2023-07-04,397.31,1,0,organic
C00002,2023-08-21,236.19,2,48,email
C00002,2023-10-07,464.85,3,47,push
C00002,2023-12-17,414.93,4,71,paid_social
C00002,2024-02-06,129.07,5,51,push
C00002,2024-02-18,50.63,6,12,paid_social
C00003,2023-05-08,383.88,1,0,paid_social
C00003,2023-07-11,485.94,2,64,push
C00003,2023-08-22,393.62,3,42,referral
C00003,2023-10-30,244.03,4,69,sms
C00003,2023-12-16,94.06,5,47,email
C00003,2024-02-22,377.49,6,68,organic
C00003,2024-03-29,176.4,7,36,referral
C00003,2024-06-18,245.39,8,81,push
C00004,2023-03-08,248.34,1,0,email
C00004,2023-04-10,341.51,2,33,sms
C00004,2023-07-03,419.69,3,84,push
C00004,2023-08-30,169.94,4,58,organic
C00004,2023-11-08,406.29,5,70,organic
C00004,2024-01-23,158.4,6,76,push
C00004,2024-02-17,87.08,7,25,organic
C00004,2024-05-02,23.53,8,75,sms
C00005,2023-06-15,358.48,1,0,paid_social
C00005,2023-07-13,240.28,2,28,organic
C00005,2023-08-29,87.1,3,47,paid_social
C00005,2023-09-23,340.83,4,25,email
C00005,2023-11-22,291.31,5,60,push
C00005,2023-12-03,324.66,6,11,organic
C00005,2024-01-25,288.42,7,53,paid_social
C00005,2024-04-06,34.79,8,72,sms
C00006,2023-05-21,216.09,1,0,sms
C00006,2023-08-18,132.29,2,89,referral
C00006,2023-10-31,155.06,3,74,email
C00006,2024-01-22,337.72,4,83,sms
C00007,2023-04-24,338.87,1,0,organic
C00007,2023-06-02,410.73,2,39,push
C00007,2023-07-04,30.9,3,32,sms
C00008,2023-03-22,241.7,1,0,organic
C00008,2023-05-26,260.5,2,65,email
C00009,2023-03-07,234.16,1,0,organic
C00009,2023-03-26,164.73,2,19,push
C00009,2023-05-28,193.67,3,63,paid_social
C00009,2023-08-22,76.64,4,86,email
C00009,2023-09-24,456.12,5,33,referral
C00009,2023-11-10,147.62,6,47,organic
C00009,2024-01-18,393.8,7,69,referral
C00009,2024-02-14,235.69,8,27,organic
C00009,2024-04-21,66.27,9,67,sms
C00010,2023-05-04,117.13,1,0,push
C00010,2023-07-09,298.03,2,66,sms
C00010,2023-08-29,431.17,3,51,sms
C00010,2023-09-04,365.34,4,6,organic
C00010,2023-11-04,321.11,5,61,push
C00011,2023-03-25,60.53,1,0,paid_social
C00011,2023-06-02,39.97,2,69,push
C00011,2023-06-22,178.33,3,20,push
C00012,2023-03-21,302.07,1,0,email
C00012,2023-06-01,464.06,2,72,sms
C00012,2023-08-29,186.5,3,89,paid_social
C00012,2023-10-25,30.95,4,57,paid_social
C00012,2023-11-11,251.51,5,17,referral
C00012,2023-12-25,59.71,6,44,organic
C00012,2024-01-22,255.54,7,28,push
C00013,2023-05-11,247.27,1,0,paid_social
C00013,2023-07-23,179.15,2,73,sms
C00013,2023-09-12,230.68,3,51,paid_social
C00013,2023-10-11,416.62,4,29,email
C00013,2023-10-16,87.32,5,5,referral
C00014,2023-04-08,342.68,1,0,email
C00014,2023-04-23,336.52,2,15,sms
C00014,2023-06-29,388.95,3,67,organic
C00014,2023-07-31,459.69,4,32,email
C00015,2023-02-22,286.33,1,0,email
C00015,2023-04-14,418.3,2,51,push
C00015,2023-05-28,172.23,3,44,organic
C00015,2023-06-19,159.64,4,22,referral
C00015,2023-08-15,142.86,5,57,paid_social
C00015,2023-11-12,99.01,6,89,referral
C00015,2024-01-01,228.85,7,50,email
C00015,2024-03-28,448.01,8,87,referral
C00015,2024-04-09,447.58,9,12,organic
C00016,2023-05-02,171.65,1,0,paid_social
C00016,2023-05-08,337.6,2,6,organic
C00016,2023-06-16,65.34,3,39,push
C00017,2023-05-07,469.67,1,0,sms
C00017,2023-07-31,78.92,2,85,sms
C00017,2023-08-10,93.58,3,10,organic
C00017,2023-10-17,307.7,4,68,sms
C00017,2023-12-22,114.29,5,66,referral
C00017,2024-01-19,393.15,6,28,sms
C00017,2024-02-20,260.36,7,32,referral
C00018,2023-04-12,130.23,1,0,email
C00018,2023-05-10,345.28,2,28,email
C00018,2023-08-05,263.04,3,87,email
C00018,2023-10-27,298.94,4,83,organic
C00018,2023-12-06,405.98,5,40,sms
C00019,2023-04-08,82.91,1,0,organic
C00019,2023-05-19,465.23,2,41,email
C00020,2023-05-15,254.52,1,0,sms
C00020,2023-07-02,478.7,2,48,paid_social
C00021,2023-05-01,31.93,1,0,referral
C00021,2023-06-25,324.31,2,55,paid_social
C00021,2023-09-09,87.36,3,76,email
C00021,2023-11-16,483.79,4,68,push
C00021,2023-12-05,467.85,5,19,paid_social
C00021,2024-02-10,244.34,6,67,organic
C00022,2023-06-20,72.39,1,0,email
C00022,2023-07-19,402.47,2,29,organic
C00022,2023-09-01,274.77,3,44,sms
C00022,2023-11-10,436.51,4,70,paid_social
C00022,2024-01-18,218.03,5,69,paid_social
C00022,2024-02-02,224.42,6,15,push
C00022,2024-02-16,436.4,7,14,paid_social
C00023,2023-04-15,133.6,1,0,sms
C00023,2023-07-13,411.95,2,89,organic
C00023,2023-10-07,51.95,3,86,email
C00023,2023-11-21,90.16,4,45,paid_social
C00024,2023-05-11,89.06,1,0,sms
C00024,2023-08-01,99.46,2,82,referral
C00024,2023-08-19,93.73,3,18,sms
C00025,2023-03-05,46.59,1,0,email
C00025,2023-03-26,45.62,2,21,sms
C00025,2023-05-06,346.74,3,41,paid_social
C00025,2023-07-18,172.64,4,73,push
C00025,2023-10-14,440.0,5,88,paid_social
C00026,2023-06-02,107.12,1,0,email
C00026,2023-08-21,139.71,2,80,sms
C00026,2023-10-19,219.81,3,59,paid_social
C00026,2023-11-16,199.33,4,28,email
C00026,2024-02-07,68.8,5,83,paid_social
C00026,2024-02-19,44.94,6,12,referral
C00026,2024-03-29,67.57,7,39,referral
C00026,2024-06-13,453.27,8,76,referral
C00027,2023-05-30,394.15,1,0,organic
C00027,2023-07-27,393.92,2,58,paid_social
C00027,2023-10-02,277.31,3,67,email
C00028,2023-05-29,242.14,1,0,referral
C00028,2023-08-08,326.99,2,71,push
C00028,2023-09-03,87.09,3,26,sms
C00028,2023-10-14,220.11,4,41,push
C00029,2023-03-02,195.87,1,0,push
C00029,2023-05-08,202.14,2,67,sms
C00029,2023-05-28,162.5,3,20,organic
C00029,2023-08-08,459.85,4,72,referral
C00029,2023-10-24,177.61,5,77,push
C00029,2023-12-07,427.31,6,44,paid_social
C00030,2023-04-11,275.71,1,0,organic
C00030,2023-06-20,158.31,2,70,paid_social
C00030,2023-07-10,117.15,3,20,organic
C00030,2023-09-03,433.15,4,55,organic
C00030,2023-11-25,314.9,5,83,email
C00031,2023-03-10,60.56,1,0,organic
C00031,2023-04-28,85.96,2,49,referral
C00031,2023-07-23,404.42,3,86,referral
C00031,2023-08-31,395.66,4,39,paid_social
C00031,2023-11-28,474.09,5,89,organic
C00031,2023-12-10,303.24,6,12,sms
C00031,2023-12-19,315.76,7,9,email
C00032,2023-02-05,294.77,1,0,paid_social
C00032,2023-03-22,270.86,2,45,push
C00032,2023-05-27,403.64,3,66,organic
C00033,2023-03-26,466.99,1,0,paid_social
C00033,2023-06-10,76.21,2,76,email
C00033,2023-08-15,335.77,3,66,email
C00033,2023-10-20,391.67,4,66,push
C00033,2023-11-11,180.15,5,22,organic
C00033,2024-01-17,386.02,6,67,referral
C00034,2023-04-15,170.93,1,0,push
C00034,2023-05-16,90.94,2,31,email
C00034,2023-05-28,230.19,3,12,referral
C00034,2023-08-03,370.25,4,67,push
C00034,2023-08-22,469.35,5,19,paid_social
C00034,2023-09-26,250.1,6,35,organic
C00034,2023-10-12,493.58,7,16,push
C00035,2023-06-12,76.87,1,0,referral
C00035,2023-07-10,325.8,2,28,referral
C00036,2023-03-01,349.33,1,0,paid_social
C00036,2023-04-21,238.07,2,51,email
C00037,2023-05-21,240.1,1,0,sms
C00037,2023-06-21,164.93,2,31,push
C00037,2023-08-08,395.02,3,48,referral
C00037,2023-09-28,498.58,4,51,email
C00037,2023-10-06,156.28,5,8,referral
C00037,2023-12-16,71.08,6,71,referral
C00037,2024-02-15,339.53,7,61,referral
C00038,2023-05-16,450.58,1,0,email
C00038,2023-08-02,135.6,2,78,email
C00038,2023-09-14,392.85,3,43,email
C00039,2023-01-30,335.01,1,0,referral
C00039,2023-04-22,22.61,2,82,email
C00039,2023-05-10,310.84,3,18,email
C00039,2023-08-06,134.51,4,88,organic
C00039,2023-09-04,47.47,5,29,referral
C00039,2023-11-04,465.34,6,61,organic
C00039,2023-11-19,355.1,7,15,organic
C00039,2024-02-01,39.27,8,74,referral
C00040,2023-02-08,262.17,1,0,email
C00040,2023-03-30,322.41,2,50,organic
C00040,2023-04-11,94.5,3,12,referral
C00040,2023-06-24,112.66,4,74,organic
C00040,2023-06-30,360.75,5,6,sms
C00041,2023-07-05,46.16,1,0,paid_social
C00041,2023-07-15,40.33,2,10,paid_social
C00041,2023-08-07,360.6,3,23,referral
C00041,2023-09-15,64.03,4,39,sms
C00041,2023-11-24,490.41,5,70,sms
C00041,2024-01-18,396.36,6,55,push
C00042,2023-06-05,89.66,1,0,paid_social
C00042,2023-07-01,164.64,2,26,referral
C00042,2023-08-10,355.89,3,40,paid_social
C00042,2023-09-05,471.49,4,26,paid_social
C00043,2023-03-03,213.94,1,0,paid_social
C00043,2023-05-24,77.22,2,82,push
C00043,2023-08-19,153.48,3,87,email
C00044,2023-04-04,313.27,1,0,push
C00044,2023-05-13,217.67,2,39,paid_social
C00045,2023-05-06,302.39,1,0,sms
C00045,2023-07-01,37.31,2,56,sms
C00045,2023-07-31,247.58,3,30,push
C00046,2023-02-10,291.57,1,0,paid_social
C00046,2023-04-06,331.02,2,55,organic
C00046,2023-05-30,171.78,3,54,paid_social
C00047,2023-05-09,227.08,1,0,paid_social
C00047,2023-06-28,193.12,2,50,paid_social
C00047,2023-09-22,373.62,3,86,paid_social
C00048,2023-05-02,261.74,1,0,referral
C00048,2023-07-08,403.94,2,67,paid_social
C00048,2023-08-02,421.94,3,25,sms
C00048,2023-09-08,75.61,4,37,push
C00048,2023-09-17,424.16,5,9,email
C00048,2023-11-30,154.69,6,74,email
C00049,2023-03-28,170.67,1,0,sms
C00049,2023-04-07,27.05,2,10,organic
C00049,2023-05-19,431.14,3,42,organic
C00049,2023-06-28,93.73,4,40,push
C00049,2023-07-23,77.44,5,25,paid_social
C00049,2023-09-09,480.05,6,48,push
C00050,2023-06-12,169.26,1,0,organic
C00050,2023-08-21,358.6,2,70,organic
C00051,2023-05-10,25.15,1,0,paid_social
C00051,2023-07-11,272.04,2,62,sms
C00051,2023-08-24,99.64,3,44,email
C00051,2023-10-03,494.78,4,40,referral
C00051,2023-12-28,422.75,5,86,paid_social
C00051,2024-03-10,87.97,6,73,referral
C00051,2024-04-26,208.43,7,47,push
C00051,2024-05-28,382.56,8,32,email
C00052,2023-04-08,92.32,1,0,push
C00052,2023-05-09,455.41,2,31,sms
C00053,2023-03-05,160.19,1,0,sms
C00053,2023-03-26,301.49,2,21,push
C00053,2023-05-31,60.38,3,66,push
C00053,2023-06-27,424.92,4,27,sms
C00053,2023-09-12,331.59,5,77,paid_social
C00053,2023-10-21,386.19,6,39,organic
C00053,2023-12-17,195.97,7,57,email
C00053,2024-02-23,182.46,8,68,paid_social
C00053,2024-05-17,251.63,9,84,referral
C00054,2023-06-05,262.3,1,0,referral
C00054,2023-07-16,301.82,2,41,referral
C00054,2023-07-31,183.48,3,15,referral
C00054,2023-09-23,275.08,4,54,push
C00054,2023-11-10,211.31,5,48,email
C00054,2024-02-07,322.8,6,89,referral
C00055,2023-01-27,111.97,1,0,push
C00055,2023-02-23,465.18,2,27,email
C00055,2023-04-27,167.62,3,63,push
C00055,2023-05-14,23.51,4,17,paid_social
C00055,2023-06-23,357.46,5,40,sms
C00056,2023-05-22,317.77,1,0,referral
C00056,2023-08-09,385.49,2,79,push
C00056,2023-10-08,365.93,3,60,referral
C00056,2023-11-06,395.36,4,29,referral
C00056,2023-12-20,74.77,5,44,referral
C00056,2024-02-06,231.24,6,48,organic
C00057,2023-06-02,485.51,1,0,paid_social
C00057,2023-06-16,158.35,2,14,referral
C00057,2023-08-29,379.99,3,74,organic
C00057,2023-10-27,79.46,4,59,push
C00057,2023-11-26,393.12,5,30,email
C00057,2024-02-20,493.06,6,86,push
C00057,2024-05-08,489.4,7,78,push
C00058,2023-03-02,60.71,1,0,organic
C00058,2023-03-25,404.99,2,23,paid_social
C00058,2023-04-21,414.84,3,27,referral
C00059,2023-01-14,43.38,1,0,push
C00059,2023-02-19,344.15,2,36,email
C00059,2023-04-29,391.39,3,69,organic
C00060,2023-06-20,404.42,1,0,organic
C00060,2023-07-27,132.58,2,37,email
C00061,2023-04-09,22.16,1,0,referral
C00061,2023-07-03,345.1,2,85,paid_social
C00062,2023-03-14,449.9,1,0,push
C00062,2023-05-09,134.08,2,56,organic
C00062,2023-06-18,187.06,3,40,referral
C00062,2023-08-28,163.49,4,71,referral
C00062,2023-11-01,210.53,5,65,paid_social
C00062,2023-11-15,445.55,6,14,sms
C00063,2023-03-26,184.12,1,0,email
C00063,2023-05-08,407.57,2,43,organic
C00063,2023-06-27,162.25,3,50,referral
C00063,2023-09-05,85.67,4,70,push
C00063,2023-09-20,498.84,5,15,paid_social
C00063,2023-12-06,305.7,6,77,organic
C00063,2023-12-16,459.34,7,10,push
C00063,2024-01-08,84.5,8,23,push
C00064,2023-02-25,116.95,1,0,email
C00064,2023-04-18,237.57,2,52,email
C00065,2023-06-05,221.78,1,0,push
C00065,2023-08-24,380.94,2,80,referral
C00065,2023-10-10,156.58,3,47,paid_social
C00065,2023-11-13,132.85,4,34,referral
C00065,2024-01-04,456.35,5,52,sms
C00065,2024-02-04,376.31,6,31,paid_social
C00065,2024-02-27,333.65,7,23,paid_social
C00065,2024-03-05,135.86,8,7,sms
C00065,2024-04-04,94.61,9,30,sms
C00066,2023-04-20,289.51,1,0,sms
C00066,2023-05-16,396.24,2,26,organic
C00066,2023-07-13,248.6,3,58,push
C00066,2023-10-06,343.81,4,85,referral
C00067,2023-06-09,398.04,1,0,referral
C00067,2023-07-23,289.84,2,44,sms
C00067,2023-08-24,333.4,3,32,email
C00067,2023-09-25,266.11,4,32,referral
C00068,2023-03-09,480.69,1,0,email
C00068,2023-05-15,39.72,2,67,email
C00068,2023-05-24,51.45,3,9,sms
C00068,2023-08-20,267.72,4,88,push
C00068,2023-10-31,44.46,5,72,sms
C00068,2024-01-16,204.56,6,77,email
C00068,2024-03-27,355.13,7,71,email
C00068,2024-05-09,164.99,8,43,sms
C00068,2024-06-24,219.97,9,46,push
C00069,2023-01-30,434.13,1,0,email
C00069,2023-02-17,263.92,2,18,email
C00069,2023-03-17,179.89,3,28,push
C00070,2023-04-13,423.78,1,0,organic
C00070,2023-06-02,174.8,2,50,sms
C00070,2023-07-27,250.33,3,55,sms
C00070,2023-10-13,129.56,4,78,organic
C00070,2023-12-20,466.58,5,68,sms
C00071,2023-02-22,361.55,1,0,push
C00071,2023-03-15,42.74,2,21,email
C00071,2023-04-16,461.04,3,32,email
C00071,2023-04-28,110.39,4,12,email
C00071,2023-07-11,73.1,5,74,email
C00072,2023-04-30,293.22,1,0,sms
C00072,2023-05-24,427.73,2,24,paid_social
C00072,2023-07-09,429.62,3,46,email
C00072,2023-08-28,98.12,4,50,paid_social
C00072,2023-11-17,430.64,5,81,organic
C00072,2023-12-16,461.02,6,29,sms
C00072,2024-02-06,309.64,7,52,push
C00073,2023-05-10,410.32,1,0,push
C00073,2023-05-27,403.62,2,17,sms
C00073,2023-06-10,123.85,3,14,paid_social
C00073,2023-07-28,172.47,4,48,push
C00073,2023-10-10,34.32,5,74,email
C00073,2023-12-16,29.14,6,67,push
C00073,2024-02-18,368.09,7,64,email
C00073,2024-05-04,374.52,8,76,organic
C00073,2024-07-18,447.21,9,75,sms
C00074,2023-04-07,88.98,1,0,email
C00074,2023-06-07,103.01,2,61,organic
C00074,2023-08-18,496.05,3,72,paid_social
C00075,2023-03-25,496.68,1,0,email
C00075,2023-05-18,80.92,2,54,paid_social
C00075,2023-07-10,442.58,3,53,referral
C00075,2023-08-19,318.46,4,40,paid_social
C00076,2023-04-09,305.39,1,0,email
C00076,2023-04-25,338.54,2,16,sms
C00076,2023-07-22,28.72,3,88,referral
C00077,2023-03-31,439.47,1,0,sms
C00077,2023-06-15,313.17,2,76,sms
C00078,2023-04-26,345.26,1,0,push
C00078,2023-06-15,292.13,2,50,organic
C00078,2023-07-12,492.04,3,27,organic
C00079,2023-05-14,25.99,1,0,paid_social
C00079,2023-05-21,269.71,2,7,organic
C00079,2023-07-01,65.15,3,41,push
C00080,2023-06-16,347.64,1,0,push
C00080,2023-07-30,481.54,2,44,email
C00080,2023-08-26,115.78,3,27,sms
C00080,2023-11-17,458.04,4,83,referral
C00080,2023-12-12,245.5,5,25,sms
C00080,2024-02-29,441.62,6,79,organic
C00080,2024-04-28,268.17,7,59,push
C00080,2024-05-10,370.95,8,12,organic
C00081,2023-06-28,70.22,1,0,paid_social
C00081,2023-09-07,435.47,2,71,referral
C00081,2023-11-24,67.93,3,78,organic
C00081,2023-11-29,376.93,4,5,sms
C00081,2024-01-11,490.03,5,43,email
C00081,2024-04-08,365.27,6,88,push
C00082,2023-06-14,173.18,1,0,push
C00082,2023-07-18,298.87,2,34,paid_social
C00082,2023-08-24,308.85,3,37,push
C00082,2023-10-16,244.47,4,53,referral
C00082,2023-10-26,201.06,5,10,sms
C00082,2023-11-30,82.93,6,35,push
C00082,2024-01-02,348.59,7,33,email
C00082,2024-01-10,478.35,8,8,push
C00082,2024-03-16,67.48,9,66,sms
C00083,2023-05-25,153.49,1,0,referral
C00083,2023-07-09,109.17,2,45,sms
C00083,2023-08-23,244.84,3,45,paid_social
C00083,2023-10-05,41.68,4,43,sms
C00083,2023-10-10,480.48,5,5,push
C00084,2023-05-21,73.13,1,0,push
C00084,2023-06-14,161.49,2,24,sms
C00084,2023-07-15,440.82,3,31,organic
C00085,2023-05-02,491.54,1,0,referral
C00085,2023-06-06,54.47,2,35,referral
C00085,2023-07-15,166.14,3,39,email
C00085,2023-08-07,66.55,4,23,paid_social
C00085,2023-10-20,316.04,5,74,referral
C00085,2023-11-28,99.35,6,39,paid_social
C00085,2023-12-09,96.95,7,11,sms
C00085,2023-12-23,300.43,8,14,referral
C00086,2023-06-05,198.2,1,0,sms
C00086,2023-08-19,384.81,2,75,push
C00086,2023-08-26,119.27,3,7,organic
C00086,2023-10-21,77.91,4,56,referral
C00086,2023-11-14,68.19,5,24,referral
C00086,2023-12-21,426.31,6,37,sms
C00087,2023-03-23,235.93,1,0,push
C00087,2023-04-12,360.92,2,20,sms
C00087,2023-04-28,439.8,3,16,referral
C00087,2023-07-05,274.81,4,68,push
C00087,2023-09-09,137.5,5,66,sms
C00087,2023-10-09,471.21,6,30,email
C00088,2023-04-22,268.48,1,0,organic
C00088,2023-05-20,274.28,2,28,push
C00089,2023-05-20,83.24,1,0,push
C00089,2023-06-24,477.08,2,35,email
C00089,2023-07-06,477.54,3,12,push
C00089,2023-07-23,286.12,4,17,email
C00089,2023-10-17,141.53,5,86,sms
C00090,2023-02-10,460.09,1,0,email
C00090,2023-02-15,311.9,2,5,sms
C00090,2023-02-26,212.22,3,11,push
C00090,2023-04-16,109.87,4,49,paid_social
C00090,2023-07-01,412.79,5,76,referral
C00090,2023-09-13,245.0,6,74,organic
C00090,2023-11-28,461.92,7,76,email
C00090,2024-01-29,44.05,8,62,push
C00091,2023-02-20,318.9,1,0,organic
C00091,2023-03-01,400.94,2,9,organic
C00091,2023-05-15,463.42,3,75,sms
C00091,2023-07-04,326.73,4,50,push
C00091,2023-09-11,496.82,5,69,email
C00091,2023-10-09,49.79,6,28,sms
C00091,2023-11-16,81.93,7,38,push
C00091,2023-12-27,323.5,8,41,email
C00091,2024-02-12,462.49,9,47,push
C00092,2023-03-20,241.33,1,0,organic
C00092,2023-04-19,307.85,2,30,paid_social
C00092,2023-04-30,476.03,3,11,push
C00092,2023-06-18,105.07,4,49,push
C00092,2023-06-30,426.08,5,12,organic
C00092,2023-08-23,235.82,6,54,email
C00092,2023-09-21,379.82,7,29,referral
C00093,2023-06-12,336.8,1,0,paid_social
C00093,2023-07-01,474.82,2,19,sms
C00093,2023-09-04,374.49,3,65,push
C00093,2023-10-12,289.67,4,38,push
C00094,2023-05-22,455.4,1,0,paid_social
C00094,2023-06-24,330.59,2,33,push
C00094,2023-08-02,215.92,3,39,push
C00095,2023-03-20,64.03,1,0,email
C00095,2023-04-21,334.65,2,32,organic
C00095,2023-06-27,29.49,3,67,paid_social
C00095,2023-09-15,114.95,4,80,sms
C00095,2023-10-03,433.1,5,18,organic
C00096,2023-04-22,82.09,1,0,organic
C00096,2023-07-10,86.55,2,79,sms
C00096,2023-08-07,343.87,3,28,sms
C00096,2023-10-28,117.21,4,82,referral
C00096,2024-01-22,356.67,5,86,paid_social
C00096,2024-04-01,312.83,6,70,referral
C00096,2024-06-08,320.23,7,68,sms
C00096,2024-06-18,488.54,8,10,sms
C00097,2023-03-31,31.15,1,0,organic
C00097,2023-05-20,440.05,2,50,push
C00097,2023-08-14,233.09,3,86,paid_social
C00097,2023-09-02,429.91,4,19,referral
C00097,2023-10-04,281.38,5,32,sms
C00097,2023-12-07,323.46,6,64,push
C00098,2023-04-24,458.08,1,0,sms
C00098,2023-07-19,424.79,2,86,referral
C00098,2023-10-11,377.6,3,84,referral
C00098,2024-01-08,386.04,4,89,organic
C00098,2024-01-21,239.1,5,13,push
C00098,2024-03-25,329.51,6,64,sms
C00098,2024-05-22,143.75,7,58,sms
C00098,2024-07-05,216.79,8,44,paid_social
C00099,2023-03-28,433.07,1,0,organic
C00099,2023-05-20,23.6,2,53,sms
C00099,2023-05-28,402.81,3,8,push
C00099,2023-06-13,86.4,4,16,referral
C00100,2023-05-29,207.23,1,0,email
C00100,2023-07-11,112.44,2,43,referral
C00100,2023-10-04,222.94,3,85,email
C00100,2023-11-12,467.79,4,39,paid_social
C00100,2023-12-11,53.43,5,29,referral
C00100,2024-03-04,399.55,6,84,email
C00100,2024-03-30,444.73,7,26,sms
C00101,2023-05-03,419.61,1,0,email
C00101,2023-06-25,223.28,2,53,sms
C00101,2023-08-12,260.37,3,48,paid_social
C00102,2023-06-04,496.18,1,0,paid_social
C00102,2023-06-11,267.9,2,7,referral
C00102,2023-06-25,369.36,3,14,email
C00102,2023-07-10,172.8,4,15,referral
C00103,2023-03-17,44.68,1,0,push
C00103,2023-04-22,189.6,2,36,organic
C00103,2023-05-24,419.42,3,32,organic
C00103,2023-08-14,220.0,4,82,organic
C00104,2023-03-04,404.67,1,0,organic
C00104,2023-03-23,448.65,2,19,push
C00104,2023-04-19,441.95,3,27,email
C00104,2023-07-10,93.69,4,82,email
C00104,2023-08-10,52.41,5,31,paid_social
C00105,2023-01-31,229.43,1,0,email
C00105,2023-04-18,36.72,2,77,organic
C00105,2023-05-21,415.1,3,33,paid_social
C00105,2023-06-24,90.49,4,34,sms
C00105,2023-07-04,415.1,5,10,referral
C00105,2023-08-25,413.22,6,52,paid_social
C00106,2023-02-21,374.14,1,0,push
C00106,2023-04-16,381.12,2,54,sms
C00107,2023-04-21,243.05,1,0,organic
C00107,2023-05-22,125.21,2,31,push
C00107,2023-07-19,380.72,3,58,sms
C00108,2023-03-25,104.62,1,0,email
C00108,2023-04-12,415.09,2,18,sms
C00108,2023-04-22,495.39,3,10,push
C00108,2023-07-08,333.7,4,77,email
C00108,2023-07-28,208.6,5,20,push
C00108,2023-08-17,488.29,6,20,referral
C00108,2023-11-11,112.3,7,86,referral
C00108,2024-01-07,334.92,8,57,sms
C00108,2024-04-01,372.67,9,85,sms
C00109,2023-05-16,417.7,1,0,paid_social
C00109,2023-06-21,32.76,2,36,organic
C00110,2023-03-31,253.37,1,0,paid_social
C00110,2023-05-27,220.95,2,57,sms
C00110,2023-06-22,416.77,3,26,organic
C00110,2023-07-26,204.98,4,34,paid_social
C00110,2023-10-03,270.52,5,69,sms
C00110,2023-10-21,290.77,6,18,sms
C00111,2023-06-07,20.51,1,0,email
C00111,2023-06-12,449.37,2,5,sms
C00111,2023-08-21,102.54,3,70,paid_social
C00111,2023-11-05,245.58,4,76,referral
C00111,2024-01-19,469.06,5,75,push
C00111,2024-03-04,123.29,6,45,email
C00111,2024-04-18,113.83,7,45,paid_social
C00112,2023-03-30,67.6,1,0,sms
C00112,2023-05-09,222.91,2,40,sms
C00112,2023-06-27,84.65,3,49,sms
C00112,2023-08-26,173.79,4,60,referral
C00113,2023-03-10,191.54,1,0,email
C00113,2023-04-13,313.03,2,34,sms
C00113,2023-05-23,446.42,3,40,sms
C00113,2023-05-30,67.92,4,7,referral
C00114,2023-01-22,317.39,1,0,email
C00114,2023-03-02,429.14,2,39,email
C00114,2023-05-27,413.51,3,86,organic
C00114,2023-07-29,498.41,4,63,paid_social
C00114,2023-09-09,212.61,5,42,email
C00114,2023-09-19,475.35,6,10,sms
C00114,2023-10-01,406.97,7,12,paid_social
C00114,2023-12-23,489.74,8,83,sms
C00115,2023-04-20,486.02,1,0,push
C00115,2023-07-15,210.81,2,86,push
C00115,2023-09-25,81.47,3,72,paid_social
C00115,2023-11-24,112.74,4,60,sms
C00116,2023-03-26,302.88,1,0,referral
C00116,2023-05-19,216.16,2,54,push
C00116,2023-06-30,323.91,3,42,push
C00116,2023-08-06,467.73,4,37,referral
C00116,2023-10-12,178.05,5,67,push
C00116,2023-11-09,292.61,6,28,push
C00116,2023-12-16,336.2,7,37,push
C00116,2024-01-19,173.94,8,34,paid_social
C00116,2024-04-15,201.72,9,87,push
C00117,2023-02-11,367.09,1,0,email
C00117,2023-05-09,122.98,2,87,push
C00117,2023-07-19,382.66,3,71,paid_social
C00117,2023-09-07,416.86,4,50,sms
C00117,2023-12-03,306.75,5,87,referral
C00117,2023-12-16,45.24,6,13,organic
C00118,2023-07-10,463.47,1,0,push
C00118,2023-10-01,22.22,2,83,paid_social
C00118,2023-11-27,346.6,3,57,email
C00118,2024-02-17,32.74,4,82,paid_social
C00118,2024-03-21,429.03,5,33,organic
C00118,2024-04-15,243.56,6,25,push
C00118,2024-05-28,397.59,7,43,email
C00119,2023-04-29,199.07,1,0,referral
C00119,2023-07-15,149.76,2,77,paid_social
C00119,2023-09-15,391.96,3,62,email
C00119,2023-10-02,277.51,4,17,push
C00119,2023-10-27,482.52,5,25,referral
C00119,2024-01-07,110.05,6,72,referral
C00119,2024-03-31,441.51,7,84,paid_social
C00119,2024-05-24,68.53,8,54,push
C00119,2024-07-01,251.25,9,38,organic
C00120,2023-05-07,311.46,1,0,referral
C00120,2023-07-28,197.59,2,82,push
C00120,2023-08-12,76.83,3,15,push
C00121,2023-04-29,156.51,1,0,referral
C00121,2023-07-03,439.68,2,65,sms
C00121,2023-07-13,269.82,3,10,email
C00121,2023-08-30,351.26,4,48,push
C00121,2023-10-23,340.8,5,54,email
C00121,2023-11-06,316.98,6,14,push
C00121,2023-11-22,241.63,7,16,email
C00121,2024-02-16,122.88,8,86,paid_social
C00121,2024-03-30,110.47,9,43,email
C00122,2023-03-03,474.71,1,0,email
C00122,2023-03-24,408.31,2,21,push
C00122,2023-05-03,58.75,3,40,referral
C00122,2023-06-26,438.28,4,54,paid_social
C00122,2023-09-14,225.93,5,80,paid_social
C00123,2023-03-28,276.61,1,0,email
C00123,2023-05-03,480.18,2,36,referral
C00123,2023-07-03,358.78,3,61,email
C00124,2023-03-27,41.66,1,0,referral
C00124,2023-04-27,421.99,2,31,referral
C00124,2023-07-18,48.72,3,82,email
C00124,2023-07-23,94.76,4,5,referral
C00124,2023-09-27,459.56,5,66,paid_social
C00124,2023-12-15,210.67,6,79,paid_social
C00125,2023-05-23,485.0,1,0,email
C00125,2023-06-21,110.89,2,29,sms
C00125,2023-08-08,482.9,3,48,sms
C00125,2023-08-29,436.31,4,21,email
C00125,2023-09-13,418.41,5,15,organic
C00125,2023-09-28,424.23,6,15,referral
C00125,2023-11-02,80.93,7,35,referral
C00125,2024-01-24,281.92,8,83,organic
C00126,2023-06-02,486.47,1,0,referral
C00126,2023-07-14,251.81,2,42,organic
C00126,2023-08-26,205.44,3,43,push
C00126,2023-09-23,207.92,4,28,push
C00126,2023-10-07,57.17,5,14,email
C00127,2023-06-09,466.73,1,0,push
C00127,2023-08-23,36.88,2,75,paid_social
C00127,2023-09-23,118.79,3,31,email
C00127,2023-10-22,124.98,4,29,referral
C00127,2023-11-28,469.36,5,37,paid_social
C00127,2024-02-15,133.45,6,79,referral
C00128,2023-02-10,50.4,1,0,email
C00128,2023-02-27,292.91,2,17,sms
C00128,2023-04-03,277.87,3,35,referral
C00128,2023-06-03,116.9,4,61,paid_social
C00128,2023-07-21,316.54,5,48,organic
C00128,2023-09-19,475.44,6,60,referral
C00129,2023-02-25,128.45,1,0,email
C00129,2023-04-05,473.93,2,39,push
C00129,2023-06-21,389.97,3,77,push
C00130,2023-04-15,173.95,1,0,sms
C00130,2023-05-05,342.97,2,20,paid_social
C00131,2023-05-06,366.52,1,0,sms
C00131,2023-07-26,469.6,2,81,sms
C00131,2023-10-03,71.51,3,69,sms
C00132,2023-04-20,263.93,1,0,paid_social
C00132,2023-07-13,497.51,2,84,push
C00132,2023-07-26,249.41,3,13,push
C00132,2023-10-17,52.08,4,83,push
C00132,2023-12-23,129.42,5,67,paid_social
C00132,2024-02-27,44.4,6,66,paid_social
C00133,2023-05-04,450.44,1,0,push
C00133,2023-06-02,48.96,2,29,push
C00133,2023-08-14,331.13,3,73,organic
C00133,2023-10-21,225.52,4,68,organic
C00133,2023-12-03,430.99,5,43,paid_social
C00133,2024-02-11,186.88,6,70,paid_social
C00134,2023-05-31,481.08,1,0,organic
C00134,2023-08-03,224.04,2,64,push
C00134,2023-09-30,262.77,3,58,organic
C00134,2023-10-08,240.66,4,8,organic
C00134,2023-11-27,377.7,5,50,sms
C00135,2023-02-22,320.88,1,0,sms
C00135,2023-03-08,449.45,2,14,organic
C00135,2023-05-14,73.15,3,67,sms
C00135,2023-05-27,94.12,4,13,referral
C00136,2023-03-03,274.11,1,0,sms
C00136,2023-03-24,385.06,2,21,referral
C00136,2023-04-12,104.09,3,19,organic
C00136,2023-06-19,249.63,4,68,push
C00137,2023-02-25,168.0,1,0,sms
C00137,2023-04-03,284.12,2,37,email
C00137,2023-06-17,53.57,3,75,organic
C00137,2023-07-27,395.46,4,40,push
C00137,2023-09-19,411.24,5,54,organic
C00137,2023-10-11,413.87,6,22,push
C00137,2023-11-08,193.19,7,28,sms
C00137,2023-11-28,244.39,8,20,sms
C00138,2023-04-24,380.85,1,0,sms
C00138,2023-05-13,150.95,2,19,sms
C00138,2023-06-18,230.63,3,36,email
C00138,2023-08-21,197.25,4,64,sms
C00139,2023-03-20,466.4,1,0,organic
C00139,2023-04-25,328.64,2,36,push
C00139,2023-05-02,499.44,3,7,referral
C00139,2023-06-16,447.09,4,45,paid_social
C00139,2023-08-30,399.9,5,75,referral
C00139,2023-10-04,58.95,6,35,push
C00139,2023-12-08,249.06,7,65,email
C00139,2024-01-21,215.53,8,44,push
C00139,2024-03-04,285.04,9,43,paid_social
C00140,2023-07-09,128.09,1,0,email
C00140,2023-07-30,426.96,2,21,organic
C00140,2023-10-08,439.0,3,70,referral
C00140,2023-10-23,170.89,4,15,referral
C00140,2023-11-07,148.68,5,15,push
C00140,2024-01-20,470.63,6,74,paid_social
C00140,2024-03-01,287.36,7,41,push
C00141,2023-02-28,113.69,1,0,sms
C00141,2023-05-07,475.66,2,68,email
C00141,2023-07-16,420.38,3,70,push
C00141,2023-07-21,112.12,4,5,organic
C00141,2023-09-26,409.75,5,67,sms
C00141,2023-12-23,458.38,6,88,sms
C00142,2023-02-16,410.95,1,0,organic
C00142,2023-03-28,152.58,2,40,sms
C00142,2023-05-01,147.01,3,34,referral
C00142,2023-05-06,227.61,4,5,push
C00142,2023-07-09,392.38,5,64,sms
C00142,2023-09-03,201.59,6,56,organic
C00142,2023-11-09,122.28,7,67,referral
C00142,2024-01-10,294.16,8,62,email
C00143,2023-07-19,119.84,1,0,email
C00143,2023-10-08,408.77,2,81,paid_social
C00143,2023-12-17,209.71,3,70,email
C00143,2024-01-19,198.34,4,33,organic
C00144,2023-02-11,216.82,1,0,sms
C00144,2023-03-24,433.67,2,41,push
C00144,2023-05-12,351.39,3,49,paid_social
C00145,2023-05-17,213.61,1,0,push
C00145,2023-06-11,138.02,2,25,referral
C00145,2023-09-08,382.2,3,89,organic
C00146,2023-02-21,116.27,1,0,push
C00146,2023-03-12,242.64,2,19,sms
C00146,2023-04-06,402.11,3,25,sms
C00146,2023-04-28,405.31,4,22,referral
C00146,2023-06-26,151.58,5,59,sms
C00146,2023-07-11,84.82,6,15,sms
C00146,2023-07-18,212.98,7,7,referral
C00146,2023-10-10,426.4,8,84,sms
C00146,2023-12-07,36.86,9,58,push
C00147,2023-04-01,395.79,1,0,paid_social
C00147,2023-04-19,460.35,2,18,sms
C00148,2023-05-09,129.28,1,0,referral
C00148,2023-06-27,436.36,2,49,email
C00148,2023-08-17,317.08,3,51,sms
C00148,2023-10-06,81.58,4,50,organic
C00148,2023-10-21,470.49,5,15,organic
C00148,2023-11-04,231.79,6,14,organic
C00149,2023-05-06,377.49,1,0,paid_social
C00149,2023-05-14,379.69,2,8,organic
C00150,2023-03-17,134.4,1,0,email
C00150,2023-04-17,262.53,2,31,paid_social
C00150,2023-06-03,209.65,3,47,paid_social
C00150,2023-08-17,458.31,4,75,organic
C00150,2023-10-28,373.53,5,72,sms
C00150,2023-11-26,271.08,6,29,organic
C00151,2023-02-25,481.1,1,0,organic
C00151,2023-03-02,460.57,2,5,organic
C00151,2023-03-20,188.98,3,18,referral
C00151,2023-04-24,247.49,4,35,paid_social
C00151,2023-05-05,65.03,5,11,referral
C00151,2023-06-29,440.26,6,55,push
C00151,2023-07-12,398.14,7,13,sms
C00151,2023-09-06,490.39,8,56,push
C00152,2023-06-27,389.69,1,0,sms
C00152,2023-07-19,311.05,2,22,push
C00152,2023-08-18,418.21,3,30,paid_social
C00152,2023-11-11,125.68,4,85,email
C00152,2024-02-02,290.49,5,83,organic
C00153,2023-04-15,187.17,1,0,email
C00153,2023-06-28,34.83,2,74,referral
C00153,2023-09-12,473.67,3,76,push
C00153,2023-11-29,379.86,4,78,email
C00153,2024-01-18,435.97,5,50,sms
C00153,2024-02-10,445.14,6,23,organic
C00154,2023-03-18,394.05,1,0,paid_social
C00154,2023-05-29,130.76,2,72,sms
C00154,2023-07-07,480.09,3,39,email
C00154,2023-08-18,325.07,4,42,organic
C00155,2023-06-22,248.54,1,0,paid_social
C00155,2023-07-07,327.41,2,15,push
C00155,2023-08-07,446.27,3,31,sms
C00155,2023-10-22,187.79,4,76,organic
C00156,2023-03-26,486.73,1,0,email
C00156,2023-04-14,462.51,2,19,referral
C00156,2023-06-28,101.18,3,75,sms
C00156,2023-07-27,63.2,4,29,sms
C00156,2023-08-16,54.23,5,20,email
C00156,2023-08-26,55.55,6,10,referral
C00156,2023-09-02,417.08,7,7,email
C00156,2023-11-08,391.72,8,67,paid_social
C00156,2023-11-16,443.44,9,8,paid_social
C00157,2023-04-29,362.12,1,0,paid_social
C00157,2023-06-08,186.11,2,40,push
C00157,2023-06-27,101.46,3,19,push
C00157,2023-08-06,145.14,4,40,organic
C00158,2023-03-29,424.19,1,0,sms
C00158,2023-05-31,349.3,2,63,sms
C00158,2023-07-29,57.32,3,59,referral
C00158,2023-10-16,167.68,4,79,organic
C00158,2023-12-23,350.67,5,68,sms
C00159,2023-05-04,293.04,1,0,sms
C00159,2023-05-30,286.06,2,26,sms
C00159,2023-06-28,312.96,3,29,paid_social
C00159,2023-07-16,84.84,4,18,paid_social
C00159,2023-08-17,343.88,5,32,organic
C00159,2023-10-08,55.55,6,52,organic
C00159,2023-12-15,216.34,7,68,push
C00160,2023-04-10,231.66,1,0,sms
C00160,2023-06-24,133.79,2,75,organic
C00160,2023-09-08,281.98,3,76,organic
C00160,2023-09-16,246.83,4,8,organic
C00160,2023-11-05,317.47,5,50,push
C00161,2023-07-15,273.76,1,0,push
C00161,2023-09-12,374.01,2,59,paid_social
C00161,2023-09-27,267.53,3,15,email
C00161,2023-11-27,462.41,4,61,push
C00161,2023-12-30,244.79,5,33,push
C00161,2024-03-26,236.28,6,87,referral
C00161,2024-05-20,124.12,7,55,sms
C00162,2023-03-07,227.33,1,0,email
C00162,2023-04-12,372.06,2,36,organic
C00162,2023-06-16,293.59,3,65,email
C00163,2023-02-01,100.34,1,0,referral
C00163,2023-03-12,176.59,2,39,paid_social
C00163,2023-04-19,217.88,3,38,paid_social
C00163,2023-05-18,130.73,4,29,organic
C00163,2023-06-13,260.1,5,26,referral
C00163,2023-07-01,427.87,6,18,organic
C00163,2023-08-05,127.49,7,35,referral
C00163,2023-10-10,140.21,8,66,sms
C00163,2023-12-11,299.57,9,62,sms
C00164,2023-05-05,272.85,1,0,referral
C00164,2023-06-07,432.79,2,33,paid_social
C00164,2023-07-16,117.85,3,39,referral
C00164,2023-08-22,419.76,4,37,paid_social
C00164,2023-09-15,231.11,5,24,sms
C00164,2023-10-10,492.82,6,25,referral
C00164,2024-01-01,403.26,7,83,referral
C00164,2024-03-27,174.01,8,86,sms
C00165,2023-03-18,262.64,1,0,paid_social
C00165,2023-05-10,216.0,2,53,paid_social
C00165,2023-07-11,180.1,3,62,organic
C00165,2023-08-21,81.07,4,41,sms
C00165,2023-10-01,428.25,5,41,sms
C00165,2023-12-28,129.38,6,88,push
C00165,2024-01-10,285.91,7,13,organic
C00166,2023-03-31,104.96,1,0,sms
C00166,2023-04-26,152.01,2,26,paid_social
C00166,2023-06-28,46.37,3,63,email
C00167,2023-05-23,427.42,1,0,email
C00167,2023-06-05,311.15,2,13,email
C00167,2023-06-29,232.57,3,24,push
C00167,2023-08-05,405.32,4,37,email
C00167,2023-10-02,25.29,5,58,referral
C00167,2023-11-22,453.87,6,51,sms
C00167,2023-12-25,92.02,7,33,paid_social
C00167,2024-03-15,336.79,8,81,sms
C00167,2024-03-31,307.72,9,16,organic
C00168,2023-07-13,164.13,1,0,push
C00168,2023-10-04,192.64,2,83,push
C00168,2023-12-10,42.06,3,67,sms
C00168,2023-12-23,361.48,4,13,push
C00168,2024-01-27,230.81,5,35,email
C00168,2024-03-18,312.99,6,51,paid_social
C00168,2024-05-15,409.05,7,58,organic
C00168,2024-06-07,69.34,8,23,organic
C00168,2024-08-24,309.63,9,78,push
C00169,2023-02-19,127.32,1,0,email
C00169,2023-04-13,218.69,2,53,push
C00169,2023-04-25,415.72,3,12,sms
C00169,2023-06-17,116.65,4,53,referral
C00169,2023-08-12,28.57,5,56,referral
C00169,2023-09-11,476.93,6,30,referral
C00169,2023-10-29,386.25,7,48,email
C00170,2023-05-18,485.94,1,0,referral
C00170,2023-06-08,57.51,2,21,paid_social
C00170,2023-06-18,314.64,3,10,referral
C00170,2023-09-10,220.28,4,84,paid_social
C00170,2023-11-08,93.72,5,59,paid_social
C00170,2024-01-08,56.01,6,61,organic
C00170,2024-03-12,427.51,7,64,organic
C00171,2023-05-03,169.86,1,0,paid_social
C00171,2023-07-25,371.9,2,83,referral
C00171,2023-07-31,103.91,3,6,push
C00171,2023-09-06,242.68,4,37,sms
C00171,2023-10-31,372.39,5,55,referral
C00171,2023-11-13,432.59,6,13,sms
C00172,2023-03-08,136.02,1,0,referral
C00172,2023-05-02,464.8,2,55,paid_social
C00172,2023-05-17,352.6,3,15,sms
C00172,2023-07-15,92.29,4,59,referral
C00172,2023-08-27,343.61,5,43,email
C00172,2023-11-12,54.2,6,77,push
C00172,2023-12-22,381.81,7,40,push
C00173,2023-03-24,425.94,1,0,push
C00173,2023-05-30,424.51,2,67,paid_social
C00173,2023-06-06,477.43,3,7,push
C00174,2023-04-10,444.84,1,0,email
C00174,2023-06-12,87.99,2,63,push
C00174,2023-07-10,350.02,3,28,email
C00174,2023-07-26,157.57,4,16,email
C00175,2023-02-08,218.89,1,0,push
C00175,2023-03-31,154.23,2,51,paid_social
C00175,2023-05-11,314.91,3,41,email
C00175,2023-06-11,332.64,4,31,push
C00175,2023-08-19,26.61,5,69,email
C00176,2023-03-04,209.15,1,0,push
C00176,2023-05-13,201.36,2,70,organic
C00176,2023-07-28,304.89,3,76,paid_social
C00176,2023-08-14,267.26,4,17,email
C00176,2023-10-22,222.21,5,69,push
C00177,2023-01-26,472.35,1,0,organic
C00177,2023-02-27,308.66,2,32,email
C00177,2023-03-25,156.71,3,26,organic
C00177,2023-06-03,323.53,4,70,organic
C00177,2023-06-30,490.88,5,27,referral
C00177,2023-09-05,233.57,6,67,email
C00177,2023-11-30,90.44,7,86,paid_social
C00178,2023-02-22,27.79,1,0,referral
C00178,2023-03-05,424.47,2,11,push
C00178,2023-04-22,250.3,3,48,sms
C00178,2023-05-09,247.94,4,17,referral
C00178,2023-05-15,44.83,5,6,email
C00178,2023-07-20,147.59,6,66,referral
C00178,2023-09-30,63.54,7,72,paid_social
C00178,2023-11-20,466.45,8,51,push
C00179,2023-05-29,144.24,1,0,referral
C00179,2023-08-16,432.57,2,79,paid_social
C00179,2023-09-03,154.15,3,18,push
C00179,2023-10-13,207.15,4,40,referral
C00179,2023-11-14,488.73,5,32,paid_social
C00179,2023-12-08,164.67,6,24,sms
C00179,2023-12-29,208.08,7,21,email
C00180,2023-03-31,107.03,1,0,organic
C00180,2023-05-18,146.47,2,48,organic
C00180,2023-07-05,187.45,3,48,push
C00180,2023-08-04,243.92,4,30,organic
C00180,2023-10-03,429.26,5,60,push
C00180,2023-10-12,122.64,6,9,paid_social
C00181,2023-05-30,38.71,1,0,push
C00181,2023-07-21,79.49,2,52,push
C00182,2023-04-01,82.76,1,0,organic
C00182,2023-05-01,469.72,2,30,organic
C00182,2023-05-25,360.97,3,24,paid_social
C00182,2023-07-04,496.55,4,40,organic
C00182,2023-08-19,98.17,5,46,push
C00182,2023-09-02,275.96,6,14,paid_social
C00182,2023-11-12,314.29,7,71,sms
C00182,2023-12-16,465.28,8,34,email
C00182,2024-02-10,38.99,9,56,sms
C00183,2023-03-23,151.47,1,0,sms
C00183,2023-06-06,154.09,2,75,email
C00183,2023-07-04,201.74,3,28,sms
C00183,2023-08-13,182.72,4,40,push
C00183,2023-09-16,63.07,5,34,sms
C00183,2023-11-11,117.01,6,56,email
C00183,2023-12-10,495.59,7,29,organic
C00183,2024-01-13,262.03,8,34,referral
C00183,2024-03-25,171.0,9,72,paid_social
C00184,2023-04-13,425.25,1,0,organic
C00184,2023-05-28,228.49,2,45,referral
C00185,2023-06-07,168.06,1,0,organic
C00185,2023-06-17,65.28,2,10,referral
C00186,2023-06-11,64.77,1,0,organic
C00186,2023-07-09,36.41,2,28,paid_social
C00186,2023-09-08,403.63,3,61,organic
C00186,2023-11-20,431.29,4,73,paid_social
C00186,2023-12-24,152.44,5,34,email
C00186,2024-03-21,40.38,6,88,push
C00186,2024-05-21,147.3,7,61,push
C00186,2024-08-16,224.05,8,87,push
C00186,2024-08-25,149.76,9,9,referral
C00187,2023-07-09,177.35,1,0,push
C00187,2023-09-14,220.52,2,67,paid_social
C00187,2023-10-28,261.29,3,44,sms
C00187,2023-11-06,188.93,4,9,email
C00187,2024-01-01,218.44,5,56,paid_social
C00187,2024-02-16,143.23,6,46,organic
C00187,2024-04-17,396.67,7,61,referral
C00187,2024-06-03,422.31,8,47,referral
C00188,2023-04-11,101.59,1,0,paid_social
C00188,2023-05-05,300.4,2,24,organic
C00188,2023-06-05,466.21,3,31,sms
C00189,2023-02-18,366.1,1,0,paid_social
C00189,2023-03-17,306.97,2,27,email
C00189,2023-04-06,52.41,3,20,organic
C00189,2023-05-24,144.11,4,48,paid_social
C00189,2023-06-03,76.97,5,10,paid_social
C00189,2023-07-11,449.47,6,38,referral
C00189,2023-08-06,175.17,7,26,sms
C00189,2023-08-21,364.67,8,15,paid_social
C00189,2023-10-06,95.02,9,46,push
C00190,2023-03-20,238.57,1,0,referral
C00190,2023-04-20,251.54,2,31,referral
C00190,2023-06-29,62.12,3,70,referral
C00190,2023-09-18,466.22,4,81,email
C00190,2023-11-17,171.06,5,60,referral
C00190,2023-12-19,237.18,6,32,push
C00190,2024-02-24,111.22,7,67,push
C00191,2023-07-05,358.53,1,0,sms
C00191,2023-08-31,38.6,2,57,email
C00191,2023-09-14,182.73,3,14,paid_social
C00191,2023-11-08,65.13,4,55,paid_social
C00191,2024-01-19,379.29,5,72,referral
C00191,2024-02-27,85.51,6,39,referral
C00192,2023-05-03,277.84,1,0,push
C00192,2023-06-16,49.1,2,44,sms
C00192,2023-07-30,142.18,3,44,push
C00192,2023-09-29,114.54,4,61,push
C00192,2023-12-02,320.94,5,64,sms
C00192,2024-01-04,185.78,6,33,push
C00192,2024-03-07,390.49,7,63,paid_social
C00192,2024-03-13,302.01,8,6,push
C00193,2023-05-26,456.7,1,0,paid_social
C00193,2023-08-16,48.18,2,82,organic
C00193,2023-10-20,355.19,3,65,push
C00193,2023-12-09,240.02,4,50,referral
C00194,2023-02-23,80.75,1,0,paid_social
C00194,2023-04-28,263.68,2,64,organic
C00195,2023-06-11,321.9,1,0,referral
C00195,2023-09-02,382.19,2,83,paid_social
C00196,2023-05-31,37.49,1,0,referral
C00196,2023-06-13,123.81,2,13,paid_social
C00196,2023-07-01,331.23,3,18,referral
C00196,2023-08-16,110.29,4,46,push
C00196,2023-11-05,357.81,5,81,push
C00196,2023-12-06,64.92,6,31,sms
C00197,2023-06-21,115.9,1,0,organic
C00197,2023-07-19,486.59,2,28,sms
C00197,2023-08-07,313.05,3,19,organic
C00197,2023-08-30,163.58,4,23,sms
C00197,2023-11-01,369.67,5,63,email
C00198,2023-03-28,370.16,1,0,email
C00198,2023-06-24,383.12,2,88,referral
C00198,2023-07-16,253.3,3,22,push
C00198,2023-10-03,175.83,4,79,push
C00198,2023-12-13,226.95,5,71,paid_social
C00198,2024-01-11,451.1,6,29,paid_social
C00199,2023-07-14,204.65,1,0,email
C00199,2023-07-19,189.02,2,5,sms
C00199,2023-08-05,103.78,3,17,sms
C00199,2023-08-18,258.22,4,13,organic
C00199,2023-10-14,35.64,5,57,referral
C00199,2024-01-08,213.57,6,86,email
C00200,2023-02-08,493.29,1,0,sms
C00200,2023-03-13,115.1,2,33,sms
C00200,2023-03-29,259.04,3,16,paid_social
C00200,2023-06-12,200.83,4,75,paid_social
C00200,2023-07-13,86.52,5,31,organic
C00200,2023-09-18,351.09,6,67,push
C00200,2023-10-10,197.39,7,22,referral
C00201,2023-05-09,101.75,1,0,email
C00201,2023-07-12,369.38,2,64,email
C00201,2023-10-05,367.4,3,85,sms
C00201,2023-10-10,434.02,4,5,email
C00201,2023-12-14,62.69,5,65,referral
C00201,2024-01-13,47.02,6,30,email
C00202,2023-06-19,283.17,1,0,sms
C00202,2023-08-28,401.85,2,70,push
C00202,2023-11-16,260.32,3,80,push
C00202,2024-02-04,92.06,4,80,referral
C00202,2024-03-28,44.84,5,53,organic
C00202,2024-04-26,445.44,6,29,push
C00203,2023-06-12,146.39,1,0,organic
C00203,2023-08-26,195.96,2,75,push
C00204,2023-03-31,176.91,1,0,push
C00204,2023-06-03,140.41,2,64,sms
C00204,2023-08-20,91.97,3,78,push
C00204,2023-11-01,309.02,4,73,referral
C00205,2023-03-01,426.88,1,0,organic
C00205,2023-03-14,92.29,2,13,sms
C00205,2023-05-06,42.68,3,53,email
C00205,2023-06-05,493.85,4,30,organic
C00205,2023-07-02,379.07,5,27,email
C00205,2023-07-16,304.22,6,14,email
C00206,2023-06-16,25.25,1,0,push
C00206,2023-07-17,495.8,2,31,paid_social
C00206,2023-10-12,110.96,3,87,sms
C00206,2023-11-28,286.52,4,47,email
C00207,2023-04-05,381.48,1,0,organic
C00207,2023-05-19,406.77,2,44,referral
C00207,2023-06-10,286.82,3,22,sms
C00207,2023-08-17,178.3,4,68,sms
C00207,2023-10-06,347.31,5,50,referral
C00207,2023-12-27,220.12,6,82,referral
C00208,2023-05-28,71.5,1,0,push
C00208,2023-07-05,273.27,2,38,sms
C00208,2023-07-21,467.1,3,16,email
C00209,2023-01-28,387.35,1,0,sms
C00209,2023-04-14,452.13,2,76,email
C00209,2023-07-06,52.94,3,83,organic
C00209,2023-07-15,323.18,4,9,organic
C00209,2023-08-11,417.53,5,27,organic
C00209,2023-10-30,301.36,6,80,organic
C00209,2023-12-13,354.69,7,44,sms
C00209,2024-01-03,302.01,8,21,referral
C00210,2023-04-30,382.94,1,0,push
C00210,2023-06-06,96.99,2,37,referral
C00210,2023-06-11,278.93,3,5,sms
C00211,2023-05-14,43.56,1,0,paid_social
C00211,2023-06-28,299.83,2,45,push
C00211,2023-09-05,335.52,3,69,paid_social
C00211,2023-11-01,327.94,4,57,organic
C00212,2023-06-16,278.0,1,0,paid_social
C00212,2023-06-23,68.57,2,7,paid_social
C00212,2023-07-06,273.15,3,13,sms
C00212,2023-10-01,345.94,4,87,referral
C00213,2023-02-18,126.43,1,0,paid_social
C00213,2023-02-24,417.17,2,6,organic
C00213,2023-04-02,303.85,3,37,paid_social
C00213,2023-05-02,234.2,4,30,push
C00214,2023-04-22,269.48,1,0,organic
C00214,2023-05-19,44.18,2,27,push
C00214,2023-07-29,112.65,3,71,email
C00214,2023-08-16,473.19,4,18,push
C00214,2023-09-22,132.72,5,37,paid_social
C00214,2023-12-16,182.39,6,85,email
C00214,2023-12-24,204.0,7,8,organic
C00214,2024-03-09,405.3,8,76,organic
C00215,2023-04-07,480.37,1,0,paid_social
C00215,2023-04-27,44.45,2,20,push
C00215,2023-07-23,444.16,3,87,referral
C00215,2023-09-21,285.08,4,60,paid_social
C00215,2023-11-19,413.34,5,59,sms
C00215,2024-01-20,36.26,6,62,push
C00216,2023-06-01,417.99,1,0,referral
C00216,2023-08-05,45.6,2,65,sms
C00216,2023-09-29,469.79,3,55,referral
C00216,2023-10-08,328.31,4,9,paid_social
C00216,2023-12-26,221.49,5,79,push
C00216,2024-03-14,66.44,6,79,email
C00216,2024-05-17,421.59,7,64,sms
C00217,2023-01-24,283.33,1,0,sms
C00217,2023-04-23,98.34,2,89,sms
C00217,2023-05-31,196.68,3,38,paid_social
C00217,2023-08-09,457.86,4,70,paid_social
C00218,2023-04-15,453.2,1,0,referral
C00218,2023-07-09,323.02,2,85,organic
C00218,2023-08-28,326.82,3,50,paid_social
C00218,2023-10-15,27.91,4,48,organic
C00218,2023-10-22,301.09,5,7,referral
C00219,2023-04-21,25.95,1,0,push
C00219,2023-07-03,263.45,2,73,paid_social
C00219,2023-07-08,183.06,3,5,push
C00220,2023-02-15,200.13,1,0,paid_social
C00220,2023-02-23,103.01,2,8,referral
C00220,2023-04-21,161.1,3,57,sms
C00220,2023-06-11,259.65,4,51,paid_social
C00220,2023-06-25,476.0,5,14,paid_social
C00220,2023-07-27,352.53,6,32,sms
C00220,2023-10-24,145.95,7,89,email
C00220,2023-11-19,34.88,8,26,push
C00221,2023-05-12,378.43,1,0,organic
C00221,2023-06-07,309.89,2,26,paid_social
C00221,2023-07-09,39.8,3,32,push
C00221,2023-09-13,334.4,4,66,email
C00221,2023-09-24,27.59,5,11,referral
C00221,2023-11-23,380.48,6,60,paid_social
C00221,2024-01-07,281.7,7,45,organic
C00221,2024-01-25,354.43,8,18,paid_social
C00222,2023-07-06,464.57,1,0,email
C00222,2023-08-12,421.38,2,37,email
C00222,2023-09-16,113.42,3,35,email
C00222,2023-10-20,233.72,4,34,email
C00222,2024-01-06,99.68,5,78,push
C00222,2024-01-28,213.14,6,22,push
C00222,2024-04-14,448.7,7,77,organic
C00222,2024-06-24,79.72,8,71,paid_social
C00223,2023-04-13,62.59,1,0,referral
C00223,2023-05-19,472.4,2,36,push
C00223,2023-07-11,217.38,3,53,referral
C00223,2023-09-25,239.24,4,76,organic
C00223,2023-11-28,35.16,5,64,organic
C00223,2023-12-11,314.82,6,13,email
C00223,2024-02-22,339.71,7,73,sms
C00223,2024-03-02,445.59,8,9,push
C00224,2023-05-28,390.99,1,0,push
C00224,2023-06-09,257.24,2,12,sms
C00224,2023-07-09,433.23,3,30,sms
C00224,2023-08-30,453.03,4,52,organic
C00224,2023-10-03,480.61,5,34,referral
C00224,2023-11-06,467.28,6,34,sms
C00224,2024-01-26,222.8,7,81,paid_social
C00224,2024-03-31,184.45,8,65,paid_social
C00224,2024-04-10,135.83,9,10,sms
C00225,2023-03-06,446.13,1,0,push
C00225,2023-04-26,270.07,2,51,paid_social
C00225,2023-05-16,242.91,3,20,push
C00225,2023-07-12,415.01,4,57,sms
C00225,2023-08-18,363.98,5,37,sms
C00225,2023-11-01,295.94,6,75,organic
C00225,2023-11-30,159.7,7,29,referral
C00225,2024-02-13,370.12,8,75,referral
C00225,2024-05-06,339.0,9,83,organic
C00226,2023-04-22,221.68,1,0,referral
C00226,2023-05-16,377.4,2,24,organic
C00226,2023-05-26,464.94,3,10,push
C00227,2023-03-28,70.85,1,0,paid_social
C00227,2023-06-05,423.53,2,69,sms
C00227,2023-08-07,209.16,3,63,push
C00228,2023-02-19,406.79,1,0,push
C00228,2023-03-29,53.65,2,38,referral
C00228,2023-06-04,244.29,3,67,paid_social
C00228,2023-07-04,234.69,4,30,paid_social
C00228,2023-08-02,246.5,5,29,push
C00228,2023-09-02,260.47,6,31,paid_social
C00229,2023-05-08,377.91,1,0,organic
C00229,2023-05-18,404.28,2,10,push
C00230,2023-05-11,299.69,1,0,email
C00230,2023-07-11,374.8,2,61,sms
C00230,2023-08-15,342.27,3,35,sms
C00230,2023-09-03,265.35,4,19,sms
C00230,2023-09-22,203.03,5,19,referral
C00230,2023-10-02,493.73,6,10,referral
C00231,2023-05-05,413.44,1,0,email
C00231,2023-06-25,208.78,2,51,email
C00231,2023-09-17,350.6,3,84,referral
C00231,2023-11-18,206.17,4,62,paid_social
C00231,2024-01-24,360.59,5,67,organic
C00232,2023-04-15,130.38,1,0,referral
C00232,2023-05-19,328.55,2,34,sms
C00233,2023-05-08,139.84,1,0,sms
C00233,2023-07-22,433.07,2,75,email
C00233,2023-10-16,261.53,3,86,sms
C00233,2023-12-04,25.83,4,49,referral
C00233,2024-01-13,265.9,5,40,paid_social
C00233,2024-04-05,190.54,6,83,organic
C00233,2024-06-05,100.61,7,61,push
C00233,2024-07-01,396.66,8,26,organic
C00234,2023-02-04,448.59,1,0,push
C00234,2023-04-26,163.4,2,81,email
C00234,2023-05-17,180.37,3,21,paid_social
C00234,2023-07-07,240.82,4,51,sms
C00235,2023-01-31,359.21,1,0,paid_social
C00235,2023-02-12,64.69,2,12,paid_social
C00235,2023-03-14,103.99,3,30,referral
C00235,2023-04-06,193.07,4,23,organic
C00235,2023-05-21,119.01,5,45,organic
C00235,2023-07-30,258.57,6,70,sms
C00235,2023-10-27,128.14,7,89,email
C00235,2023-11-03,421.94,8,7,organic
C00236,2023-03-04,402.81,1,0,referral
C00236,2023-05-25,355.25,2,82,referral
C00237,2023-05-14,333.34,1,0,paid_social
C00237,2023-07-21,68.25,2,68,referral
C00237,2023-09-13,54.78,3,54,sms
C00237,2023-11-07,233.73,4,55,referral
C00237,2023-11-19,423.74,5,12,organic
C00237,2024-02-01,97.66,6,74,referral
C00238,2023-04-29,43.46,1,0,referral
C00238,2023-05-22,190.27,2,23,organic
C00238,2023-07-21,266.74,3,60,paid_social
C00238,2023-08-03,84.91,4,13,sms
C00239,2023-03-27,326.14,1,0,email
C00239,2023-04-19,123.98,2,23,push
C00239,2023-06-27,349.69,3,69,organic
C00239,2023-08-31,468.78,4,65,paid_social
C00239,2023-10-13,421.21,5,43,push
C00240,2023-02-23,494.45,1,0,organic
C00240,2023-05-07,298.24,2,73,referral
C00240,2023-06-25,189.58,3,49,paid_social
C00240,2023-08-14,389.79,4,50,organic
C00240,2023-09-16,256.38,5,33,referral
C00240,2023-11-11,306.01,6,56,email
C00240,2024-01-06,137.49,7,56,email
C00241,2023-04-03,108.23,1,0,organic
C00241,2023-06-23,41.58,2,81,email
C00241,2023-07-15,352.88,3,22,referral
C00241,2023-08-24,33.58,4,40,email
C00241,2023-10-08,155.62,5,45,paid_social
C00241,2023-12-17,228.61,6,70,paid_social
C00241,2023-12-31,158.15,7,14,referral
C00242,2023-05-18,478.81,1,0,email
C00242,2023-08-13,374.76,2,87,referral
C00242,2023-08-22,125.6,3,9,push
C00242,2023-11-05,373.45,4,75,organic
C00242,2023-11-20,236.58,5,15,sms
C00242,2024-01-10,416.68,6,51,push
C00242,2024-03-19,328.72,7,69,organic
C00243,2023-05-05,198.42,1,0,sms
C00243,2023-06-30,397.73,2,56,email
C00243,2023-08-06,230.35,3,37,push
C00243,2023-10-14,120.53,4,69,sms
C00243,2023-11-19,131.63,5,36,paid_social
C00243,2024-01-12,388.4,6,54,email
C00243,2024-03-18,202.51,7,66,push
C00243,2024-04-15,411.22,8,28,push
C00243,2024-05-24,383.86,9,39,sms
C00244,2023-06-06,227.21,1,0,paid_social
C00244,2023-06-27,239.79,2,21,organic
C00244,2023-09-23,272.14,3,88,push
C00244,2023-10-16,70.04,4,23,sms
C00245,2023-05-05,217.01,1,0,email
C00245,2023-07-04,466.74,2,60,paid_social
C00245,2023-07-28,318.3,3,24,email
C00245,2023-10-16,29.73,4,80,push
C00245,2023-11-26,76.87,5,41,sms
C00246,2023-02-11,212.63,1,0,sms
C00246,2023-03-16,20.48,2,33,paid_social
C00246,2023-03-31,64.91,3,15,email
C00246,2023-05-01,177.96,4,31,paid_social
C00246,2023-06-14,126.48,5,44,paid_social
C00246,2023-07-23,471.86,6,39,email
C00246,2023-08-30,80.89,7,38,email
C00246,2023-09-20,491.01,8,21,email
C00246,2023-11-12,312.94,9,53,paid_social
C00247,2023-07-05,487.76,1,0,email
C00247,2023-08-13,319.07,2,39,sms
C00247,2023-10-04,204.3,3,52,push
C00247,2023-11-15,91.63,4,42,referral
C00247,2023-12-26,201.98,5,41,referral
C00247,2024-02-25,484.6,6,61,paid_social
C00248,2023-02-15,292.55,1,0,referral
C00248,2023-04-13,91.61,2,57,organic
C00248,2023-05-31,343.29,3,48,paid_social
C00248,2023-06-15,94.39,4,15,push
C00248,2023-08-28,430.11,5,74,sms
C00248,2023-11-15,360.25,6,79,email
C00249,2023-06-21,97.3,1,0,email
C00249,2023-07-06,48.8,2,15,organic
C00249,2023-07-25,348.32,3,19,paid_social
C00249,2023-09-02,195.29,4,39,paid_social
C00249,2023-10-06,305.26,5,34,organic
C00249,2023-11-29,290.31,6,54,sms
C00249,2024-02-03,340.08,7,66,referral
C00249,2024-04-14,174.36,8,71,push
C00250,2023-04-03,25.37,1,0,sms
C00250,2023-04-21,126.79,2,18,referral
C00250,2023-05-07,100.95,3,16,organic
C00250,2023-07-07,220.77,4,61,sms
C00250,2023-07-22,403.21,5,15,sms
C00250,2023-07-28,440.14,6,6,referral
C00250,2023-10-20,392.81,7,84,email
C00251,2023-03-03,268.58,1,0,referral
C00251,2023-03-24,95.37,2,21,push
C00251,2023-05-12,139.01,3,49,email
C00252,2023-05-07,485.5,1,0,organic
C00252,2023-07-28,304.25,2,82,email
C00252,2023-08-11,280.61,3,14,sms
C00252,2023-09-13,156.06,4,33,sms
C00252,2023-10-01,107.99,5,18,paid_social
C00252,2023-10-27,332.39,6,26,push
C00252,2023-11-22,466.69,7,26,email
C00253,2023-04-10,333.87,1,0,organic
C00253,2023-06-11,363.74,2,62,organic
C00253,2023-08-07,314.53,3,57,referral
C00253,2023-10-21,67.76,4,75,sms
C00253,2023-12-26,51.85,5,66,paid_social
C00253,2024-03-03,49.14,6,68,sms
C00253,2024-05-28,96.96,7,86,paid_social
C00253,2024-06-19,399.62,8,22,paid_social
C00253,2024-09-10,168.58,9,83,organic
C00254,2023-05-24,246.99,1,0,paid_social
C00254,2023-08-07,120.84,2,75,paid_social
C00254,2023-10-23,67.08,3,77,referral
C00254,2023-12-19,305.17,4,57,organic
C00254,2024-02-01,377.92,5,44,sms
C00254,2024-02-11,391.72,6,10,email
C00254,2024-04-11,73.16,7,60,paid_social
C00254,2024-05-14,380.4,8,33,email
C00254,2024-06-09,446.86,9,26,sms
C00255,2023-05-15,153.73,1,0,organic
C00255,2023-08-02,475.11,2,79,organic
C00255,2023-08-28,176.56,3,26,email
C00255,2023-10-09,208.76,4,42,sms
C00255,2023-11-12,247.64,5,34,organic
C00256,2023-03-29,87.82,1,0,sms
C00256,2023-05-06,432.65,2,38,sms
C00257,2023-05-12,399.15,1,0,push
C00257,2023-06-18,141.87,2,37,email
C00258,2023-02-14,358.93,1,0,referral
C00258,2023-04-20,22.39,2,65,paid_social
C00258,2023-05-20,325.06,3,30,sms
C00258,2023-08-09,463.65,4,81,push
C00258,2023-10-10,234.74,5,62,organic
C00259,2023-04-22,241.27,1,0,referral
C00259,2023-05-23,460.96,2,31,paid_social
C00259,2023-08-03,445.55,3,72,sms
C00259,2023-09-18,331.26,4,46,email
C00259,2023-09-25,315.01,5,7,organic
C00260,2023-04-14,92.8,1,0,paid_social
C00260,2023-06-29,149.55,2,76,sms
C00260,2023-07-23,232.11,3,24,paid_social
C00260,2023-08-08,443.75,4,16,sms
C00260,2023-09-09,234.1,5,32,push
C00260,2023-11-30,107.33,6,82,push
C00260,2023-12-17,235.26,7,17,organic
C00260,2024-01-17,482.73,8,31,email
C00261,2023-05-28,437.16,1,0,organic
C00261,2023-06-02,182.0,2,5,referral
C00262,2023-03-27,148.3,1,0,paid_social
C00262,2023-04-21,74.68,2,25,sms
C00263,2023-04-20,385.26,1,0,organic
C00263,2023-06-09,118.52,2,50,sms
C00263,2023-07-23,282.47,3,44,push
C00264,2023-05-29,459.71,1,0,referral
C00264,2023-06-18,483.0,2,20,referral
C00264,2023-07-03,42.79,3,15,push
C00264,2023-07-30,207.33,4,27,email
C00264,2023-09-25,101.57,5,57,sms
C00264,2023-12-18,113.8,6,84,referral
C00264,2023-12-27,385.2,7,9,referral
C00264,2024-01-25,344.49,8,29,paid_social
C00265,2023-04-15,109.61,1,0,paid_social
C00265,2023-04-22,164.86,2,7,referral
C00265,2023-06-23,361.36,3,62,sms
C00265,2023-08-17,236.62,4,55,paid_social
C00265,2023-10-01,96.56,5,45,paid_social
C00265,2023-12-09,149.89,6,69,organic
C00266,2023-04-03,179.54,1,0,email
C00266,2023-06-15,238.01,2,73,sms
C00266,2023-06-25,112.64,3,10,sms
C00266,2023-07-23,81.86,4,28,paid_social
C00266,2023-09-19,473.09,5,58,organic
C00266,2023-10-04,452.53,6,15,push
C00266,2023-11-23,40.62,7,50,email
C00266,2023-12-21,385.29,8,28,organic
C00266,2024-02-12,47.27,9,53,referral
C00267,2023-04-12,165.6,1,0,push
C00267,2023-06-06,498.09,2,55,sms
C00268,2023-02-05,326.96,1,0,organic
C00268,2023-02-12,361.62,2,7,organic
C00269,2023-05-14,20.4,1,0,sms
C00269,2023-06-02,189.85,2,19,paid_social
C00269,2023-08-14,109.35,3,73,email
C00270,2023-02-17,47.32,1,0,email
C00270,2023-04-29,169.81,2,71,referral
C00270,2023-07-08,482.9,3,70,referral
C00270,2023-10-01,363.16,4,85,email
C00270,2023-10-12,351.51,5,11,paid_social
C00271,2023-01-22,56.79,1,0,sms
C00271,2023-04-05,493.56,2,73,paid_social
C00271,2023-06-04,361.17,3,60,organic
C00272,2023-06-13,39.29,1,0,organic
C00272,2023-06-28,195.05,2,15,referral
C00272,2023-08-31,263.47,3,64,email
C00272,2023-10-28,143.52,4,58,referral
C00272,2024-01-10,103.41,5,74,push
C00272,2024-01-17,58.66,6,7,email
C00273,2023-04-15,88.78,1,0,referral
C00273,2023-06-07,113.61,2,53,sms
C00273,2023-08-02,285.65,3,56,email
C00273,2023-09-17,330.98,4,46,organic
C00273,2023-11-25,286.4,5,69,push
C00273,2024-01-18,94.07,6,54,email
C00273,2024-03-11,385.52,7,53,referral
C00273,2024-04-11,460.01,8,31,referral
C00273,2024-06-18,465.55,9,68,paid_social
C00274,2023-03-04,50.03,1,0,email
C00274,2023-03-26,65.77,2,22,email
C00274,2023-05-23,356.61,3,58,push
C00274,2023-08-18,303.3,4,87,organic
C00274,2023-10-19,378.99,5,62,email
C00274,2023-11-14,26.24,6,26,push
C00274,2024-01-27,178.69,7,74,sms
C00274,2024-04-12,409.7,8,76,sms
C00275,2023-05-01,86.72,1,0,organic
C00275,2023-07-12,345.04,2,72,organic
C00276,2023-02-23,252.09,1,0,paid_social
C00276,2023-03-14,73.82,2,19,push
C00276,2023-03-30,67.97,3,16,paid_social
C00276,2023-05-17,83.62,4,48,email
C00276,2023-06-29,156.74,5,43,referral
C00277,2023-04-18,451.16,1,0,sms
C00277,2023-07-12,461.2,2,85,paid_social
C00277,2023-09-21,75.12,3,71,sms
C00278,2023-04-07,404.92,1,0,push
C00278,2023-06-03,246.84,2,57,referral
C00278,2023-06-18,285.45,3,15,referral
C00278,2023-07-28,254.71,4,40,sms
C00278,2023-09-28,405.92,5,62,email
C00278,2023-10-10,168.2,6,12,email
C00278,2023-11-07,40.63,7,28,paid_social
C00278,2023-11-12,354.14,8,5,email
C00278,2023-12-12,249.0,9,30,email
C00279,2023-02-20,110.61,1,0,sms
C00279,2023-05-19,476.74,2,88,organic
C00279,2023-06-20,480.65,3,32,email
C00279,2023-07-21,328.0,4,31,paid_social
C00279,2023-09-22,357.98,5,63,organic
C00279,2023-11-13,252.06,6,52,organic
C00279,2023-12-23,175.44,7,40,paid_social
C00279,2024-03-18,339.03,8,86,email
C00280,2023-01-12,65.23,1,0,sms
C00280,2023-01-30,326.59,2,18,sms
C00280,2023-02-06,222.11,3,7,paid_social
C00280,2023-02-14,228.02,4,8,email
C00280,2023-03-30,365.82,5,44,push
C00281,2023-05-01,253.75,1,0,push
C00281,2023-05-06,383.02,2,5,referral
C00281,2023-07-31,250.03,3,86,push
C00281,2023-08-16,472.4,4,16,email
C00281,2023-09-30,142.85,5,45,sms
C00281,2023-12-17,364.97,6,78,referral
C00281,2024-01-19,49.71,7,33,email
C00282,2023-02-18,54.35,1,0,paid_social
C00282,2023-03-04,469.72,2,14,referral
C00282,2023-04-23,315.99,3,50,paid_social
C00283,2023-03-23,373.98,1,0,email
C00283,2023-06-09,61.07,2,78,email
C00283,2023-08-20,25.98,3,72,sms
C00283,2023-11-15,359.69,4,87,push
C00283,2023-12-02,310.07,5,17,organic
C00284,2023-07-05,427.41,1,0,push
C00284,2023-09-23,127.06,2,80,paid_social
C00284,2023-10-03,151.99,3,10,referral
C00285,2023-01-15,196.01,1,0,sms
C00285,2023-02-04,271.84,2,20,push
C00285,2023-03-28,160.32,3,52,referral
C00285,2023-06-17,183.27,4,81,paid_social
C00285,2023-08-24,95.65,5,68,organic
C00285,2023-09-14,261.44,6,21,email
C00285,2023-10-27,401.85,7,43,organic
C00286,2023-05-31,208.5,1,0,organic
C00286,2023-08-19,75.73,2,80,email
C00286,2023-11-08,177.89,3,81,email
C00287,2023-03-31,289.09,1,0,push
C00287,2023-06-23,345.41,2,84,push
C00287,2023-07-12,172.67,3,19,organic
C00288,2023-03-11,306.29,1,0,paid_social
C00288,2023-03-26,178.55,2,15,sms
C00288,2023-05-19,330.76,3,54,organic
C00289,2023-02-22,448.5,1,0,push
C00289,2023-04-12,430.48,2,49,email
C00289,2023-04-18,263.48,3,6,email
C00289,2023-06-23,24.86,4,66,push
C00289,2023-08-22,238.36,5,60,referral
C00290,2023-05-02,435.81,1,0,sms
C00290,2023-06-17,287.28,2,46,referral
C00290,2023-08-04,348.92,3,48,sms
C00290,2023-10-30,473.37,4,87,paid_social
C00291,2023-03-11,86.38,1,0,sms
C00291,2023-04-18,487.57,2,38,organic
C00291,2023-06-17,375.41,3,60,email
C00291,2023-09-03,55.9,4,78,referral
C00291,2023-11-09,352.14,5,67,email
C00291,2023-12-24,53.04,6,45,paid_social
C00292,2023-05-23,455.45,1,0,paid_social
C00292,2023-06-01,410.0,2,9,referral
C00292,2023-07-11,140.82,3,40,paid_social
C00292,2023-09-28,68.39,4,79,paid_social
C00292,2023-12-09,84.31,5,72,paid_social
C00292,2024-01-28,46.1,6,50,paid_social
C00293,2023-04-03,317.62,1,0,sms
C00293,2023-04-13,47.51,2,10,organic
C00293,2023-04-23,433.17,3,10,referral
C00293,2023-06-09,336.32,4,47,push
C00293,2023-06-23,94.01,5,14,push
C00294,2023-05-06,441.67,1,0,email
C00294,2023-07-08,414.37,2,63,referral
C00294,2023-09-12,287.65,3,66,paid_social
C00294,2023-12-02,138.99,4,81,referral
C00295,2023-01-27,177.82,1,0,paid_social
C00295,2023-03-10,23.4,2,42,sms
C00295,2023-05-04,146.74,3,55,paid_social
C00295,2023-07-12,39.41,4,69,sms
C00295,2023-09-29,441.91,5,79,push
C00295,2023-10-16,345.96,6,17,push
C00295,2023-12-19,177.49,7,64,organic
C00296,2023-04-17,288.44,1,0,organic
C00296,2023-06-15,36.84,2,59,email
C00296,2023-07-03,395.5,3,18,referral
C00296,2023-08-02,453.11,4,30,referral
C00296,2023-08-09,400.09,5,7,email
C00296,2023-09-04,398.99,6,26,push
C00296,2023-10-08,158.34,7,34,email
C00296,2023-12-14,400.65,8,67,organic
C00296,2023-12-24,164.6,9,10,paid_social
C00297,2023-04-20,230.82,1,0,referral
C00297,2023-06-06,285.12,2,47,push
C00297,2023-07-20,285.28,3,44,push
C00297,2023-09-21,416.82,4,63,push
C00297,2023-11-01,467.41,5,41,referral
C00298,2023-04-07,358.52,1,0,push
C00298,2023-04-18,290.23,2,11,referral
C00298,2023-06-08,379.87,3,51,organic
C00298,2023-07-01,378.14,4,23,organic
C00299,2023-03-24,302.37,1,0,push
C00299,2023-06-21,430.86,2,89,email
C00299,2023-08-09,81.99,3,49,paid_social
C00299,2023-10-01,364.19,4,53,organic
C00299,2023-12-08,208.18,5,68,organic
C00299,2024-01-17,218.73,6,40,referral
C00299,2024-04-13,20.31,7,87,paid_social
C00299,2024-06-08,364.72,8,56,paid_social
C00300,2023-05-17,408.77,1,0,push
C00300,2023-07-12,153.48,2,56,organic
